Venue ID,Venue Name,Address,City,State,Country
KovZpZAJFAkA,Camping World Stadium,1 Citrus Bowl Place,Orlando,Florida,United States Of America
KovZ917A-X0,Globe Life Field,734 Stadium Drive,Arlington,Texas,United States Of America
KovZ917Atbr,Sphere,255 Sands Avenue,Las Vegas,Nevada,United States Of America
KovZpZAdakJA,Lenovo Center,1400 Edwards Mill Road,Raleigh,North Carolina,United States Of America
KovZ917ANwG,Moody Center ATX,2001 Robert Dedman Drive,Austin,Texas,United States Of America
KovZpZAE7dtA,Colonial Life Arena,801 Lincoln St.,Columbia,South Carolina,United States Of America
KovZpZAJIndA,BOK Center,200 S. Denver ,Tulsa,Oklahoma,United States Of America
KovZpa2Xke,State Farm Arena,One State Farm Drive,Atlanta,Georgia,United States Of America
KovZpZA6t76A,Legacy Arena at The BJCC ,1001 19th Street N,Birmingham,Alabama,United States Of America
KovZpaKoXe,Fox Theater - Oakland,1807 Telegraph Ave,Oakland,California,United States Of America
KovZpZAF6vnA,The Venetian Theatre at The Venetian Resort,3355 S Las Vegas Blvd ,Las Vegas,Nevada,United States Of America
KovZpZAId1JA,loanDepot park,501 Marlins Way,Miami,Florida,United States Of America
KovZpZA6AEaA,Hard Rock Live,1 Seminole Way,Hollywood,Florida,United States Of America
KovZpZAJalEA,PH Live at Planet Hollywood,3667 S Las Vegas Blvd,Las Vegas,Nevada,United States Of America
KovZpa4tUe,Lynn Auditorium,3 City Hall Sq.,Lynn,Massachusetts,United States Of America
KovZ917A-wx,Seminole Hard Rock Tampa Event Center,5223 N. Orient Road,Tampa,Florida,United States Of America
KovZpZA1e7EA,Star Of The Desert Arena at Primm Valley Resorts,31700 S Las Vegas Blvd,Primm,Nevada,United States Of America
KovZpZAEAdJA,Bergen Performing Arts Center,30 N. Van Brunt Street,Englewood,New Jersey,United States Of America
KovZpZAE6e6A,Premier Theater at Foxwoods Resort Casino,39 Norwich Westerly Road,Ledyard,Connecticut,United States Of America
ZFr9jZd7dv,Roseland Theater,6 NW 6th Avenue,Portland,Oregon,United States Of America
ZFr9jZekAA,Shrine Auditorium-CA,665 W. Jefferson Blvd.,Los Angeles,California,United States Of America
ZFr9jZA7Aa,Sunrise Theatre,210 S Depot Dr,Fort Pierce,Florida,United States Of America
KovZpZAEl6JA,The Rose,245 East Green Street,Pasadena,California,United States Of America
ZFr9jZdeea,Empire Polo Field,81800 Avenue 51,Indio,California,United States Of America
KovZ917AtFi,The Venue at Thunder Valley Casino Resort,1200 Athens Avenue,Lincoln,California,United States Of America
KovZpaoUze,Bryce Jordan Center,127 Bryce Jordan Center,University Park,Pennsylvania,United States Of America
KovZ917AJ17,Capital One Hall,7750 Capital One Tower Road,Tysons,Virginia,United States Of America
KovZpZAaaInA,IMAX THEATRE at TROPICANA,2831 Boardwalk Ave,Atlantic City,New Jersey,United States Of America
KovZpZAJ6eAA,Howard L. Schrott Center for the Arts,Butler University,Indianapolis,Indiana,United States Of America
KovZ917ARno,The Vault at Capital One Hall,7750 Capital One Tower Rd,Tysons,Virginia,United States Of America
KovZpZAIdJ1A,Kupferberg Center for the Arts,153-49 Reeves Avenue,Queens,New York,United States Of America
ZFr9jZdddk,Westside Theatre Upstairs - NY,252 W 81st St,New York,New York,United States Of America
ZFr9jZ1kvA,Weill Recital Hall at Carnegie Hall,N/A,New York,New York,United States Of America
ZFr9jZk176,Segerstrom Center for the Arts-Samueli Theater,600 Town Center Dr,Costa Mesa,California,United States Of America
ZFr9jZ7kvA,Zankel Hall at Carnegie Hall,881 7th Ave.,New York,New York,United States Of America
KovZ917Ai8b,Tahoe Blue Event Center,75 US Highway 50,Stateline,Nevada,United States Of America
KovZ917AJgX,University at Buffalo - Slee Hall - Lippes Concert Hall,Slee Hall,Buffalo,New York,United States Of America
KovZpa2BOe,Rosemont Theatre,5400 North River Road,Rosemont,Illinois,United States Of America
KovZpZAEAknA,DeVos Performance Hall,303 Monroe NW,Grand Rapids,Michigan,United States Of America
KovZpZAF76tA,State Theatre,805 Hennepin Avenue,Minneapolis,Minnesota,United States Of America
KovZpZAJedlA,Atlanta Symphony Hall,1280 Peachtree St,Atlanta,Georgia,United States Of America
KovZpZAIIEaA,Family Arena,2002 Arena Parkway,Saint Charles,Missouri,United States Of America
KovZpa39ie,Taft Theatre,317 East 5th Street,Cincinnati,Ohio,United States Of America
KovZpZAEAkvA,Old National Centre,502 N. New Jersey,Indianapolis,Indiana,United States Of America
KovZpa61pe,Simmons Bank Arena,One Simmons Bank Arena Drive,North Little Rock,Arkansas,United States Of America
KovZpZAEvnlA,Au-Rene Theater at the Broward Center,201 SW 5th Avenue,Ft Lauderdale,Florida,United States Of America
KovZpZAEkA6A,Ovens Auditorium,2900 E Independence Boulevard,Charlotte,North Carolina,United States Of America
KovZpZAEkAnA,North Charleston Performing Arts Center,5001 Coliseum Drive,North Charleston,South Carolina,United States Of America
KovZpaoy7e,Coronado Theatre,314 N. Main Street,Rockford,Illinois,United States Of America
KovZpZAEdalA,La Crosse Center,300 Harborview Plaza,La Crosse,Wisconsin,United States Of America
KovZpZAdEEIA,BJCC Concert Hall,2100 Richard Arrington Boulevard,Birmingham,Alabama,United States Of America
KovZpZAFdJdA,F.M. Kirby Center,71 Public Square,Wilkes Barre,Pennsylvania,United States Of America
KovZpZAEAn6A,Adler Theatre,136 E 3rd St,Davenport,Iowa,United States Of America
KovZpZAFkvJA,Pantages Theater,901 Broadway,Tacoma,Washington,United States Of America
KovZpZAE6taA,Marines Memorial Theatre,609 Sutter Street,San Francisco,California,United States Of America
KovZ917Acob,Pasquerilla Performing Arts Center,450 Schoolhouse Road,Johnstown,Pennsylvania,United States Of America
KovZpa3nje,Fresno Convention Center,700 M St,Fresno,California,United States Of America
KovZpZAanJeA,Bob Hope Theatre,242 E Main St.,Stockton,California,United States Of America
KovZ917Ax13,Roxian Theatre,425 Chartiers Ave,Mc Kees Rocks,Pennsylvania,United States Of America
KovZpZAEkFlA,Great Cedar Showroom at Foxwoods Resort Casino,39 Norwich Westerly Road,Ledyard,Connecticut,United States Of America
ZFr9jZeAa6,Saenger Theatre-New Orleans,1111 Canal Street,New Orleans,Louisiana,United States Of America
ZFr9jZeAad,Ruth Eckerd Hall,1111 N McMullen Booth Rd.,Clearwater,Florida,United States Of America
Z6r9jZkF6e,Florida Theatre Jacksonville,128 E Forsyth St # 300,Jacksonville,Florida,United States Of America
ZFr9jZ7vFd,Peace Center,101 West Broad St.,Greenville,South Carolina,United States Of America
Z6r9jZk6Fe,Fisher Theatre - Detroit,3011 West Grand & Fisher,Detroit,Michigan,United States Of America
ZFr9jZdk16,Van Wezel Performing Arts Center,777 N Tamiami Trail,Sarasota,Florida,United States Of America
ZFr9jZeF66,Union Colony Civic Center,701 10th Ave.,Greeley,Colorado,United States Of America
KovZpZAaE7kA,High Noon Saloon,701 East Washington Avenue,Madison,Wisconsin,United States Of America
ZFr9jZa6vv,Kravis Center - Dreyfoos Hall,701 Okeechobee Blvd.,West Palm Beach,Florida,United States Of America
Z6r9jZdv1e,Boettcher Hall,1000 14th Street,Denver,Colorado,United States Of America
Z7r9jZa72Q,Dr. Phillips Performing Arts Center,445 S. Magnolia Avenue,Orlando,Florida,United States Of America
ZFr9jZ6de7,Dothan Civic Center,126 N. Saint Andrews Street,Dothan,Alabama,United States Of America
KovZpa3Jbe,Grand Ole Opry House,2804 Opryland Drive,Nashville,Tennessee,United States Of America
Z6r9jZ66ke,Grand Ole Opry House,2804 Opryland Dr.,Nashville,Tennessee,United States Of America
Z6r9jZ7F6e,Mayo Performing Arts Center,100 South St.,Morristown,New Jersey,United States Of America
Z7r9jZaAom,Vivarium,1818 N. Farwell Avenue,Milwaukee,Wisconsin,United States Of America
ZFr9jZkke6,Niswonger Performing Arts Center-OH,10700 State Route 118 South,Van Wert,Ohio,United States Of America
ZFr9jZ7v1k,W. L. Lyons Brown Theatre,315 West Broadway,Louisville,Kentucky,United States Of America
KovZ917A59V,Goodyear Theater,1201 East Market Street,Akron,Ohio,United States Of America
ZFr9jZkAad,Alberta Bair Theater,2801 3 rd Ave N,Billings,Montana,United States Of America
Z6r9jZ1Ake,Lowell Memorial Auditorium,50 East Merrimack St.,Lowell,Massachusetts,United States Of America
Z7r9jZa7nj,Carteret Performing Arts and Events Center,46 Washington Street,Carteret,New Jersey,United States Of America
ZFr9jZkF1F,Lee's Family Forum,200 S Green Valley Park,Henderson,Nevada,United States Of America
ZFr9jZde1e,The Lyric - Baltimore,110 West Mt. Royal Avenue,Baltimore,Maryland,United States Of America
ZFr9jZd6aF,Colonial Theatre - Keene NH,95 Main St.,Keene,New Hampshire,United States Of America
ZFr9jZAe77,Marian Anderson Hall - Kimmel Center,300 S Broad St,Philadelphia,Pennsylvania,United States Of America
KovZpZA1l1FA,Fox Fine Arts Recital Hall,Fox Fine Arts Center- 2nd Fl,El Paso,Texas,United States Of America
KovZpZAE7IFA,Morrison Center for the Performing Arts,2201 W Cesar Chavez Lane,Boise,Idaho,United States Of America
KovZpZAEAA6A,Emens Auditorium,Ball State University,Muncie,Indiana,United States Of America
KovZpZAEA67A,House of Blues Anaheim,"400 W Disney Way, #337",Anaheim,California,United States Of America
KovZpZA1E6EA,Paramount Theatre,1124 Meridian Plaza,Anderson,Indiana,United States Of America
KovZpZAJnIIA,American Bank Center Selena Auditorium,1901 N. Shoreline,Corpus Christi,Texas,United States Of America
KovZpZAEAkkA,Ames Center,12600 Nicollet Avenue,Burnsville,Minnesota,United States Of America
KovZpa9ire,Music Box at the Borgata,One Borgata Way,Atlantic City,New Jersey,United States Of America
KovZpZAdnnvA,BJCC Theatre,1001 19th Street North,Birmingham,Alabama,United States Of America
KovZpZAF77tA,Elliott Hall of Music,Purdue University,West Lafayette,Indiana,United States Of America
KovZpZAEvlAA,Aventura Arts & Cultural Center,3385 NE 188th Street,Aventura,Florida,United States Of America
KovZpa3PFe,ASU Kerr,6110 North Scottsdale Road,Scottsdale,Arizona,United States Of America
KovZpa3Wne,Empower Field At Mile High,1701 Bryant St.,Denver,Colorado,United States Of America
KovZpZA7AAEA,Madison Square Garden,7th Ave & 32nd Street,New York,New York,United States Of America
KovZ917Ax7n,Allegiant Stadium,3333 Al Davis Way,Las Vegas,Nevada,United States Of America
KovZpZAEA66A,Rose Bowl,1001 Rose Bowl Drive,Pasadena,California,United States Of America
KovZpa3PYe,Linda Ronstadt Music Hall,260 South Church Avenue,Tucson,Arizona,United States Of America
KovZpZAEdFeA,NRG Stadium,One NRG Park,Houston,Texas,United States Of America
KovZpZA1vlIA,Hayden Homes Amphitheater,344 SW Shevlin-Hixon Drive,Bend,Oregon,United States Of America
KovZ917AJue,YouTube Theater,1011 S. Stadium Dr,Inglewood,California,United States Of America
KovZpa3hje,Bank of America Stadium,800 South Mint Street,Charlotte,North Carolina,United States Of America
KovZpa3gie,The Plaza Theatre Performing Arts Center,125 Pioneer Plaza,El Paso,Texas,United States Of America
KovZpZAEkvtA,Hard Rock Stadium,347 Don Shula Drive,Miami,Florida,United States Of America
KovZpZAFl6vA,Majestic Theatre Dallas,1925 Elm Street,Dallas,Texas,United States Of America
KovZpZAdnI6A,Liberty Hall,644 Massachusettes,Lawrence,Kansas,United States Of America
KovZpZAFFvnA,Music Hall At Fair Park,909 1st Ave,Dallas,Texas,United States Of America
KovZpZAF6tIA,Soldier Field,1410 S. Museum Campus Drive,Chicago,Illinois,United States Of America
KovZpZA6kvlA,Gillette Stadium,1 Patriot Place,Foxborough,Massachusetts,United States Of America
KovZpZA7kvlA,The Theater at MSG,7th Ave & 32nd Street,New York,New York,United States Of America
KovZpZA1l1dA,Sun Bowl Stadium,2501 Sun Bowl Drive,El Paso,Texas,United States Of America
KovZpakS7e,MetLife Stadium,One MetLife Stadium Drive,East Rutherford,New Jersey,United States Of America
KovZpakX1e,Ford Field,2000 Brush St.,Detroit,Michigan,United States Of America
KovZpZA7elEA,Stanford Stadium,625 Nelson Rd.,Stanford,California,United States Of America
KovZpZAJ6lvA,Ace of Spades,1417 R St.,Sacramento,California,United States Of America
KovZpa3aIe,Fox Cities PAC,400 W. College Avenue,Appleton,Wisconsin,United States Of America
KovZ917A3c0,BMO Stadium,3939 S. Figueroa St,Los Angeles,California,United States Of America
KovZpakwYe,JMA Wireless Dome ,900 Irving Avenue,Syracuse,New York,United States Of America
KovZpZAdEJEA,Lucas Oil Stadium,500 S. Capitol Ave.,Indianapolis,Indiana,United States Of America
KovZ917ACh0,SoFi Stadium,1001 S. Stadium Dr,Inglewood,California,United States Of America
KovZ917Ah6n,Kettlehouse Amphitheater,605 Cold Smoke Lane,Bonner,Montana,United States Of America
KovZpZAIE71A,Sandy Amphitheater,1245 9400 S,Sandy,Utah,United States Of America
KovZpZAFFvJA,Hollywood Bowl,2301 N Highland Ave,Hollywood,California,United States Of America
KovZpZAdEt6A,Rice-Eccles Stadium,451 South 1400 East,Salt Lake City,Utah,United States Of America
KovZpZAEAE6A,Manhattan Center Hammerstein Ballroom,311 West 34th Street,New York,New York,United States Of America
KovZpa30Ve,Grand Sierra Resort and Casino,2500 East Second Street,Reno,Nevada,United States Of America
KovZpa2yme,Lincoln Financial Field,One Lincoln Financial Way,Philadelphia,Pennsylvania,United States Of America
KovZpZAFnl1A,Raymond James Stadium,4201 North Dale Mabry Highway,Tampa,Florida,United States Of America
KovZpZAE7vaA,Prudential Center,25 Lafayette Street,Newark,New Jersey,United States Of America
KovZpZA6tdtA,Chase Field,401 E. Jefferson,Phoenix,Arizona,United States Of America
KovZpZA1J67A,Nationals Park,"1500 South Capitol Street, SE",Washington,District of Columbia,United States Of America
KovZ917Ah1H,Chase Center,300 16th Street,San Francisco,California,United States Of America
KovZ917Ahkk,Climate Pledge Arena,334 1st Ave N,Seattle,Washington,United States Of America
KovZpZAJaFeA,Desert Diamond Arena,9400 West Maryland,Glendale,Arizona,United States Of America
KovZpZA6AJdA,Xcel Energy Center,199 Kellogg Blvd,Saint Paul,Minnesota,United States Of America
KovZpZAEkn6A,Kia Forum,3900 W Manchester Blvd.,Inglewood,California,United States Of America
KovZpZA6tdJA,Heritage Bank Center,100 Broadway,Cincinnati,Ohio,United States Of America
KovZpZAE7eeA,T-Mobile Center,1407 Grand Blvd,Kansas City,Missouri,United States Of America
KovZpZAJaFkA,Levi's® Stadium,4900 Marie P. DeBartolo Way,Santa Clara,California,United States Of America
KovZpa2M7e,United Center,1901 W Madison,Chicago,Illinois,United States Of America
KovZpZAEkIEA,Alamodome,100 Montana St,San Antonio,Texas,United States Of America
KovZpZA6taAA,Bridgestone Arena,501 Broadway,Nashville,Tennessee,United States Of America
KovZpa6MXe,Moda Center,"One Center Court, Suite 100",Portland,Oregon,United States Of America
KovZpZAEvEEA,Kia Center,400 W Church St.,Orlando,Florida,United States Of America
KovZpZAJelvA,SAP Center at San Jose,525 W Santa Clara,San Jose,California,United States Of America
KovZpZAEF76A,Golden 1 Center,500 David J Stern Walk,Sacramento,California,United States Of America
KovZpZAE617A,Footprint Center,201 East Jefferson Street,Phoenix,Arizona,United States Of America
KovZ917A25V,Little Caesars Arena,2645 Woodward,Detroit,Michigan,United States Of America
KovZpZA6A1EA,Schottenstein Center,555 Borror Drive,Columbus,Ohio,United States Of America
KovZ917AiMF,Wells Fargo Center,3601 South Broad St,Philadelphia,Pennsylvania,United States Of America
KovZpZAFaJeA,Ball Arena,1000 Chopper Circle,Denver,Colorado,United States Of America
KovZpZA6kelA,Nationwide Arena,200 West Nationwide Blvd.,Columbus,Ohio,United States Of America
KovZpakWUe,CHI Health Center Omaha,455 N. 10th Street,Omaha,Nebraska,United States Of America
KovZpZAJe6nA,Oakland Arena,7000 Coliseum Way,Oakland,California,United States Of America
KovZpZAJF7EA,Oracle Park,24 Willie Mays Plaza,San Francisco,California,United States Of America
KovZpZA6AEIA,Spectrum Center ,333 East Trade Street,Charlotte,North Carolina,United States Of America
KovZpZAJ67eA,American Airlines Center,2500 Victory Avenue,Dallas,Texas,United States Of America
KovZ917AIoi,Snapdragon Stadium,2101 Stadium Way,San Diego,California,United States Of America
KovZpZAEdJaA,Mercedes-Benz Stadium,1 AMB Drive NW,Atlanta,Georgia,United States Of America
KovZ917APye,UBS Arena,2400 Hempstead Turnpike,Belmont Park,New York,United States Of America
KovZpa2gne,TD Garden,100 Legends Way,Boston,Massachusetts,United States Of America
KovZpZA1AIkA,Bayfront Park,301 N Biscayne Blvd,Miami,Florida,United States Of America
KovZpaKuJe,Capital One Arena,601 F Street NW,Washington,District of Columbia,United States Of America
KovZpZAF76IA,Fargodome,1800 N University Drive,Fargo,North Dakota,United States Of America
KovZpZA6taeA,PPG Paints Arena,1001 Fifth Avenue,Pittsburgh,Pennsylvania,United States Of America
KovZpZAId1aA,Outlaw Field at the Idaho Botanical Garden,2355 Old Penitentiary Road,Boise,Idaho,United States Of America
KovZpa2MCe,Allstate Arena,6920 North Mannheim Road,Rosemont,Illinois,United States Of America
KovZpZAEkFFA,Mississippi Coast Coliseum,2350 Beach Blvd,Biloxi,Mississippi,United States Of America
KovZpZAJtFaA,Kaseya Center,601 Biscayne Blvd,Miami,Florida,United States Of America
KovZpZA6t7eA,Brookshire Grocery Arena,2000 Brookshire Arena Drive,Bossier City,Louisiana,United States Of America
KovZpZA1eE1A,Food City Center,1600 Phillip Fulmer Way,Knoxville,Tennessee,United States Of America
KovZpZA6k7IA,Amalie Arena,401 Channelside Dr,Tampa,Florida,United States Of America
KovZpZAJEFJA,Germania Insurance Amphitheater,9201 Circuit of the Americas Blvd.,Austin,Texas,United States Of America
KovZpZAE6vlA,FedExForum,191 Beale Street,Memphis,Tennessee,United States Of America
KovZ917AOAw,Dickies Arena,1911 Montgomery Street,Fort Worth,Texas,United States Of America
KovZpa3zGe,Tacoma Dome,2727 East D St,Tacoma,Washington,United States Of America
KovZpZAEkeJA,PNC Music Pavilion,707 Pavilion Boulevard,Charlotte,North Carolina,United States Of America
KovZpZAE6FaA,Credit One Stadium ,161 Seven Farms Drive,Charleston,South Carolina,United States Of America
KovZ917A_fV,Fiserv Forum,1111 Vel R. Phillips Ave,Milwaukee,Wisconsin,United States Of America
KovZpaKope,Bill Graham Civic Auditorium,99 Grove Street,San Francisco,California,United States Of America
KovZpZAJe6dA,CFG Bank Arena,201 W Baltimore St,Baltimore,Maryland,United States Of America
KovZpZAEAlkA,Van Andel Arena,130 Fulton West,Grand Rapids,Michigan,United States Of America
KovZ917AxzU,Stubb's Waller Creek Amphitheater,801 Red River,Austin,Texas,United States Of America
KovZpZAEAAeA,Ohio Stadium,411 Woody Hayes Dr.,Columbus,Ohio,United States Of America
KovZpZAdE6dA,GIANT Center,550 West Hersheypark Drive,Hershey,Pennsylvania,United States Of America
KovZ917Acq0,Intuit Dome,3930 West Century Blvd,Inglewood,California,United States Of America
KovZ917AtP3,Barclays Center,620 Atlantic Ave,Brooklyn,New York,United States Of America
KovZpZAEkdvA,Gas South Arena,6400 Sugarloaf Parkway,Duluth,Georgia,United States Of America
KovZpZA6taIA,Mohegan Sun Arena,1 Mohegan Sun Blvd,Uncasville,Connecticut,United States Of America
KovZpZA6keIA,Gainbridge Fieldhouse,125 S. Pennsylvania St.,Indianapolis,Indiana,United States Of America
ZFr9jZe6vA,Crypto.com Arena,1111 S. Figueroa St.,Los Angeles,California,United States Of America
KovZpZAE7aJA,DICK'S Sporting Goods Park,6000 Victory Way,Commerce City,Colorado,United States Of America
KovZpa2DJe,Enterprise Center,1401 Clark Ave,Saint Louis,Missouri,United States Of America
KovZpZAEetIA,ExtraMile Arena,1401 Bronco Lane,Boise,Idaho,United States Of America
KovZpZAE67AA,VyStar Veterans Memorial Arena,300 A. Philip Randolph Blvd,Jacksonville,Florida,United States Of America
KovZpaFIme,House of Blues Orlando,1490 East Lake Buena Vista Dr,Orlando,Florida,United States Of America
KovZ917AIq0,Crown Coliseum,1960 Coliseum Drive,Fayetteville,North Carolina,United States Of America
KovZpaFnje,KFC Yum! Center,1 Arena Plaza,Louisville,Kentucky,United States Of America
KovZpZAJAl7A,Denny Sanford PREMIER Center,1201 North West Avenue,Sioux Falls,South Dakota,United States Of America
KovZpZAF6knA,MVP Arena,51 South Pearl Street,Albany,New York,United States Of America
KovZpZA771IA,American Bank Center Arena,1901 North Shoreline,Corpus Christi,Texas,United States Of America
KovZpZAFkEaA,The Wharf Amphitheater,23101 Canal Road,Orange Beach,Alabama,United States Of America
KovZpakTme,Honda Center,2695 E. Katella,Anaheim,California,United States Of America
KovZpZAJAlAA,Michigan Lottery Amphitheatre at Freedom Hill,14900 Metropolitan Parkway,Sterling Heights,Michigan,United States Of America
KovZpZAatEaA,Red Bull Arena,600 Cape May Street,Harrison,New Jersey,United States Of America
KovZpZA6AJkA,Peoria Civic Center,201 SW Jefferson St.,Peoria,Illinois,United States Of America
KovZpZA6kvJA,DCU Center,50 Foster Street,Worcester,Massachusetts,United States Of America
KovZpZAE6eEA,Von Braun Center Propst Arena,700 Monroe Street SW,Huntsville,Alabama,United States Of America
KovZ917Ah93,Hard Rock Live at Etess Arena,1000 Boardwalk,Atlantic City,New Jersey,United States Of America
KovZpZAFadlA,Greek Theatre-U.C. Berkeley,2001 Gayley Road,Berkeley,California,United States Of America
KovZpZAFFE7A,WAMU Theater,800 Occidental Ave S,Seattle,Washington,United States Of America
KovZ917ACi0,Daily's Place,1 Daily's Place,Jacksonville,Florida,United States Of America
KovZpZAkEFlA,Toyota Arena,4000 E. Ontario Center Parkway,Ontario,California,United States Of America
KovZ917A-Tn,Acrisure Arena at Greater Palm Springs,75702 Varner Rd.,Palm Desert,California,United States Of America
KovZpZAaFEaA,KeyBank Center,One Seymour H. Knox III Plaza,Buffalo,New York,United States Of America
KovZpZA1JkvA,Merriweather Post Pavilion,10475 Little Patuxent Parkway,Columbia,Maryland,United States Of America
KovZpZA6kvtA,SNHU Arena,555 Elm St,Manchester,New Hampshire,United States Of America
KovZpZAE76EA,EagleBank Arena,4500 Patriot Circle,Fairfax,Virginia,United States Of America
KovZpZA6ta1A,Shoreline Amphitheatre,One Amphitheatre Parkway,Mountain View,California,United States Of America
KovZpaoMee,Mohegan Arena at Casey Plaza,255 Highland Park Boulevard,Wilkes Barre,Pennsylvania,United States Of America
KovZpZAFd1nA,Agganis Arena,925 Commonwealth Ave,Boston,Massachusetts,United States Of America
KovZpZAJdEeA,The Santander Arena ,700 Penn Street,Reading,Pennsylvania,United States Of America
KovZpZAE7evA,Target Center,600 1st Avenue North,Minneapolis,Minnesota,United States Of America
KovZ917A0DZ,Live Oak Bank Pavilion,10 Cowan Street,Wilmington,North Carolina,United States Of America
KovZpZAEA7IA,Huntington Bank Pavilion at Northerly Island,1300 S. Linn White Drive,Chicago,Illinois,United States Of America
KovZpZAFa6lA,Rupp Arena,432 W Vine St,Lexington,Kentucky,United States Of America
KovZpZAF6IAA,John Paul Jones Arena,295 Massie Rd.,Charlottesville,Virginia,United States Of America
KovZpa2Wre,Paycom Center,100 West Reno,Oklahoma City,Oklahoma,United States Of America
KovZpZAJIedA,The Ritz,2820 Industrial Drive,Raleigh,North Carolina,United States Of America
ZFr9jZ7ae7,Pechanga Arena San Diego,3500 Sports Arena Blvd,San Diego,California,United States Of America
KovZpZAJAJAA,Smoothie King Center,1501 Dave Dixon Drive,New Orleans,Louisiana,United States Of America
KovZpZAEAFAA,FPL Solar Amphitheater at Bayfront Park,301 N Biscayne Blvd,Miami,Florida,United States Of America
KovZpa4cFe,Petco Park,100 Park Blvd,San Diego,California,United States Of America
KovZpZAFdEkA,BMO Center,300 Elm St.,Rockford,Illinois,United States Of America
KovZpZAEAIFA,Cross Insurance Center,515 Main Street,Bangor,Maine,United States Of America
KovZpZAJ6akA,Cross Insurance Arena ,1 Civic Center SQ,Portland,Maine,United States Of America
KovZ917A3Y7,The Anthem,901 Wharf St SW,Washington,District of Columbia,United States Of America
KovZpZAJA6FA,Huntington Center,500 Jefferson Ave,Toledo,Ohio,United States Of America
KovZpZAE7vdA,Radio City Music Hall,1260 6th Avenue,New York,New York,United States Of America
KovZpZAJJn6A,H-E-B Center at Cedar Park,2100 Avenue of the Stars,Cedar Park,Texas,United States Of America
KovZpZAEdFIA,Highmark Skyline Stage at the Mann,Top of the hill - 5201 Parkside Avenue ,Philadelphia,Pennsylvania,United States Of America
KovZpa2gGe,Amica Mutual Pavilion,1 Lasalle SQ,Providence,Rhode Island,United States Of America
KovZpZAEAFeA,Dos Equis Pavilion,3839 S Fitzhugh,Dallas,Texas,United States Of America
KovZpZA6keEA,Allen County War Memorial Coliseum,4000 Parnell Ave.,Fort Wayne,Indiana,United States Of America
KovZpZA6AEdA,Viejas Arena at Aztec Bowl San Diego State University,SDSU,San Diego,California,United States Of America
KovZpZAFdJnA,Byline Bank Aragon Ballroom,1106 W Lawrence,Chicago,Illinois,United States Of America
KovZ917AQBC,The Sylvee,25 S. Livingston Street,Madison,Wisconsin,United States Of America
KovZpZAEe7EA,Lake Tahoe Outdoor Arena at Harveys,Highway 50 and Stateline Ave,Stateline,Nevada,United States Of America
KovZpZAEAAJA,Everwise Amphitheater at White River State Park,801 W. Washington St.,Indianapolis,Indiana,United States Of America
KovZpZA6t7dA,Save Mart Center,2650 East Shaw Ave.,Fresno,California,United States Of America
KovZpZA1lIdA,Wright State University Nutter Center,3640 Colonel Glenn Highway,Dayton,Ohio,United States Of America
KovZ917AcIV,Fontainebleau,2777 S Las Vegas Blvd,Las Vegas,Nevada,United States Of America
KovZpZAdEEvA,Red Hat Amphitheater,500 South McDowell Street,Raleigh,North Carolina,United States Of America
KovZpZAEAElA,Xfinity Center,885 S Main St,Mansfield,Massachusetts,United States Of America
KovZ917A5L7,Dolby Live,3770 S. Las Vegas Blvd,Las Vegas,Nevada,United States Of America
KovZ917AQC0,Armory,500 South 6th St,Minneapolis,Minnesota,United States Of America
KovZpa2Hxe,Greek Theatre,2700 N. Vermont Ave,Los Angeles,California,United States Of America
KovZpZAE7eaA,Grossinger Motors Arena,101 S. Madison Street,Bloomington,Illinois,United States Of America
KovZpZAEet7A,Ascend Amphitheater,First Street and Demonbreun,Nashville,Tennessee,United States Of America
rZ7HnEZa7LQ,Middle East - Upstairs,472 Massachusetts Ave,Cambridge,Massachusetts,United States Of America
KovZ917AJ-O,The Rady Shell at Jacobs Park,200 Marina Park Way,San Diego,California,United States Of America
KovZpZAJEvaA,Alliant Energy PowerHouse,370 1st Avenue NE,Cedar Rapids,Iowa,United States Of America
rZ7HnEZ17op04,Sony Hall,235 W 46th St,New York,New York,United States Of America
KovZpZA6tavA,Charleston Coliseum,200 Civic Center Drive,Charleston,West Virginia,United States Of America
KovZpZAaJeaA,The Bluestone,583 E. Broad St.,Columbus,Ohio,United States Of America
KovZpZA6A1nA,Covelli Centre,229 East Front Street,Youngstown,Ohio,United States Of America
KovZpZA6taEA,Total Mortgage Arena,600 Main Street,Bridgeport,Connecticut,United States Of America
KovZ917A2Q7,The Pavilion at Toyota Music Factory,300 W Las Colinas Blvd,Irving,Texas,United States Of America
KovZpZAEkA7A,MIDFLORIDA Credit Union Amphitheatre at the FL State Fairgrounds,4802 US Highway 301 North,Tampa,Florida,United States Of America
KovZ917AEJz,MGM Music Hall at Fenway,2 Lansdowne St.,Boston,Massachusetts,United States Of America
KovZpZA77eEA,Upstate Medical University Arena at The Oncenter War Memorial,515 Montgomery St.,Syracuse,New York,United States Of America
KovZpZAEAEtA,The Paramount,370 New York Ave,Huntington,New York,United States Of America
KovZpZAJk7IA,The Depot,13 North 400 West,Salt Lake City,Utah,United States Of America
KovZpZAa6teA,Reno Events Center,400 University Way,Reno,Nevada,United States Of America
KovZpZAE6eIA,Maverik Center,3200 South Decker Lake Drive,West Valley City,Utah,United States Of America
rZ7HnEZ17FaQ4,Whisky A Go Go,8901 W Sunset Boulevard,West Hollywood,California,United States Of America
KovZpZAEk7lA,Arizona Financial Theatre,400 West Washington Street,Phoenix,Arizona,United States Of America
KovZpZAEkAeA,Hertz Arena,11000 Everblades Parkway,Estero,Florida,United States Of America
KovZpZAEkd1A,White River Amphitheatre,40601 Auburn Enumclaw Road,Auburn,Washington,United States Of America
KovZpZAE6eJA,Fillmore Auditorium (Denver),1510 Clarkson,Denver,Colorado,United States Of America
KovZpZA7dEdA,Freeman Coliseum,3201 E Houston St,San Antonio,Texas,United States Of America
KovZpaogfe,Springfield Symphony Hall,34 Court Street,Springfield,Massachusetts,United States Of America
KovZpa4wBe,The Corbin Arena,500 Arena Drive,Corbin,Kentucky,United States Of America
rZ7HnEZaAQ7,Madison Theater (730), 730 Madison Avenue, Covington,Kentucky,United States Of America
rZ7HnEZa7Om,Off Broadway,3509 Lemp Avenue,Saint Louis,Missouri,United States Of America
rZ7HnEZ17AKAf,Soul Kitchen,219 Dauphin St.,Mobile,Alabama,United States Of America
rZ7HnEZ17p_Az,Stardust Video & Coffee,1842 Winter Park Road,Orlando,Florida,United States Of America
rZ7HnEZ17G0OA,The Foundry,11729 Detroit Ave,Lakewood,Ohio,United States Of America
rZ7HnEZ173pqg,Tally Ho Theater,19 West Market St SW,Leesburg,Virginia,United States Of America
KovZpZAFkvEA,Paramount Theatre,911 Pine St,Seattle,Washington,United States Of America
KovZpZA1e7IA,Orleans Arena,4500 W. Tropicana Avenue,Las Vegas,Nevada,United States Of America
rZ7HnEZ17fJkA,The Song & Dance, 115 E Jefferson Street,Syracuse,New York,United States Of America
KovZpZAEAlaA,Hollywood Palladium,6215 Sunset Blvd,Hollywood,California,United States Of America
KovZpZAEdFJA,TD Pavilion at the Mann,52nd and Parkside,Philadelphia,Pennsylvania,United States Of America
KovZpZAEeA7A,Civic Theatre,510 O'Keefe St.,New Orleans,Louisiana,United States Of America
KovZpZAJEInA,Bon Secours Wellness Arena ,650 North Academy Street,Greenville,South Carolina,United States Of America
KovZpZAJld6A,RV Inn Style Resorts Amphitheater ,17200 NE Delfel Road,Ridgefield,Washington,United States Of America
KovZpZA7kdJA,Skyla Credit Union Amphitheatre,1000 NC Music Factory Blvd,Charlotte,North Carolina,United States Of America
KovZpZAFFnaA,The St. Augustine Amphitheatre,1340C A1A South ,St Augustine,Florida,United States Of America
KovZpZAFkelA,Paycor Stadium,One Paycor Stadium,Cincinnati,Ohio,United States Of America
KovZpZA6AJ7A,The Pageant,6161 Delmar,Saint Louis,Missouri,United States Of America
KovZ917AmVB,Fishers Event Center,11000 Stockdale Street,Fishers,Indiana,United States Of America
KovZpZAJ6ekA,Chaifetz Arena,1 South Compton Ave.,Saint Louis,Missouri,United States Of America
KovZ917AJK3,The ICON Festival Stage at Smale Park,25 Race Street,Cincinnati,Ohio,United States Of America
KovZpZAJvFkA,Rio Rancho Events Center,3001 Civic Center Circle,Rio Rancho,New Mexico,United States Of America
ZFr9jZeeFe,Amerant Bank Arena,1 Panther Parkway,Sunrise,Florida,United States Of America
KovZ917A_-7,Chesapeake Employers Insurance Arena,1000 Hilltop Circle,Baltimore,Maryland,United States Of America
rZ7HnEZ178dk4,Marathon Music Works,1402 Clinton St,Nashville,Tennessee,United States Of America
rZ7HnEZ17a07V,West End Trading Company,202 S Sanford Ave,Sanford,Florida,United States Of America
rZ7HnEZ17f-ug,Neck of the Woods,406 Clement St,San Francisco,California,United States Of America
rZ7HnEZa6_9,Will's Pub,1042 N Mills Ave,Orlando,Florida,United States Of America
rZ7HnEZ17oJxA,Brick By Brick,1130 Buenos Ave,San Diego,California,United States Of America
rZ7HnEZ17ftP4,Brentwood Emporium,561 1st St,Brentwood,California,United States Of America
rZ7HnEZ17f6Zg,Santos Bar,1135 Decatur St,New Orleans,Louisiana,United States Of America
KovZpZAEkenA,North Charleston Coliseum,5001 Coliseum Drive,North Charleston,South Carolina,United States Of America
KovZ917AJUF,Enmarket Arena,620 Stiles Avenue,Savannah,Georgia,United States Of America
KovZpa2H7e,Auditorium Theatre,50 E Ida B. Wells Drive,Chicago,Illinois,United States Of America
KovZpZAFkElA,Champions Square,Champions Square next to Mercedes-Benz Superdome,New Orleans,Louisiana,United States Of America
KovZpZAE7FaA,First National Bank Arena,217 Olympic Drive,Jonesboro,Arkansas,United States Of America
rZ7HnEZaA9c,Skully's Music Diner,1151 North High Street,Columbus,Ohio,United States Of America
rZ7HnEZ17FoOA,The Magic Bag,22920 Woodward Avenue,Ferndale,Michigan,United States Of America
rZ7HnEZ17_KPN,Madison Live (734),734 Madison Ave,Covington ,Kentucky,United States Of America
